Workbook

Sheet README
B2: Glasgow Air Quality - Monthly Reporting Pack
B3: Personal portfolio project built on public data. Calibrated to published Glasgow air quality facts.
B6: PURPOSE
B7: A repeatable monthly pack for the Neighbourhoods, Regeneration and Sustainability team. It turns raw
B8: monitoring readings into a clean report with automatic exceedance flags against the statutory objectives,
B9: so officers can see at a glance which sites are compliant and where attention is needed.
B11: DATA SOURCE
B12: Monitoring sites are mapped to Glasgow's real Air Quality Management Areas (City Centre, Byres Road /
B13: Dumbarton Road, Parkhead Cross) from the council's open AQMA layer. Monthly values are modelled to a
B14: plausible seasonal pattern and calibrated to public facts: roadside NO2 fell about 34% into 2024 after the
B15: Low Emission Zone phase 2 began on 1 June 2024, and the city reached full statutory compliance in 2024 for
B16: the first time in about 30 years. They are not raw council readings.
... B40: reported first full statutory compliance in roughly three decades.

Sheet Raw Data
A1: Year | B1: Month | C1: Period | D1: Site | E1: AQMA | F1: Pollutant | G1: Monitor type | H1: Monthly mean (ug/m3) | I1: Data capture (%)
A2: 2022 | B2: 1 | C2: 2022-01 | D2: Hope Street (kerbside) | E2: City Centre | F2: NO2 | G2: Continuous | H2: 62.2 | I2: 95.1
A3: 2022 | B3: 1 | C3: 2022-01 | D3: North Street | E3: City Centre | F3: NO2 | G3: Diffusion | H3: 53.1 | I3: 100
A4: 2022 | B4: 1 | C4: 2022-01 | D4: Royston Road | E4: City Centre | F4: NO2 | G4: Diffusion | H4: 47 | I4: 100
A5: 2022 | B5: 1 | C5: 2022-01 | D5: Dumbarton Road | E5: Byres Road/Dumbarton Road | F5: NO2 | G5: Diffusion | H5: 51.9 | I5: 100
A6: 2022 | B6: 1 | C6: 2022-01 | D6: Byres Road | E6: Byres Road/Dumbarton Road | F6: NO2 | G6: Diffusion | H6: 46.8 | I6: 100
A7: 2022 | B7: 1 | C7: 2022-01 | D7: Parkhead Cross | E7: Parkhead Cross | F7: NO2 | G7: Diffusion | H7: 51.5 | I7: 100
A8: 2022 | B8: 1 | C8: 2022-01 | D8: Hope Street (kerbside) | E8: City Centre | F8: PM10 | G8: Continuous | H8: 21.5 | I8: 97.1
A9: 2022 | B9: 1 | C9: 2022-01 | D9: Townhead | E9: City Centre | F9: PM10 | G9: Continuous | H9: 18 | I9: 96.1
A10: 2022 | B10: 2 | C10: 2022-02 | D10: Hope Street (kerbside) | E10: City Centre | F10: NO2 | G10: Continuous | H10: 59.3 | I10: 95.1
A11: 2022 | B11: 2 | C11: 2022-02 | D11: North Street | E11: City Centre | F11: NO2 | G11: Diffusion | H11: 50.9 | I11: 100
A12: 2022 | B12: 2 | C12: 2022-02 | D12: Royston Road | E12: City Centre | F12: NO2 | G12: Diffusion | H12: 47.4 | I12: 100
A13: 2022 | B13: 2 | C13: 2022-02 | D13: Dumbarton Road | E13: Byres Road/Dumbarton Road | F13: NO2 | G13: Diffusion | H13: 49.2 | I13: 100
... A361: 2025 | B361: 9 | C361: 2025-09 | D361: Townhead | E361: City Centre | F361: PM10 | G361: Continuous | H361: 12.7 | I361: 96.7

Sheet Monthly Report
A1: Period | B1: Site | C1: AQMA | D1: Pollutant | E1: Monthly mean (ug/m3) | F1: Objective (ug/m3) | G1: % of objective | H1: Status
A2: ='Raw Data'!C2 -> 2022-01 | B2: ='Raw Data'!D2 -> Hope Street (kerbside) | C2: ='Raw Data'!E2 -> City Centre | D2: ='Raw Data'!F2 -> NO2 | E2: ='Raw Data'!H2 -> 62.2 | F2: =IF(D2="NO2",40,18) -> 40 | G2: =E2/F2 -> 1.555 | H2: =IF(E2>F2,"Exceedance",IF(E2>=F2*0.9,"Watch","Compliant")) -> Exceedance
A3: ='Raw Data'!C3 -> 2022-01 | B3: ='Raw Data'!D3 -> North Street | C3: ='Raw Data'!E3 -> City Centre | D3: ='Raw Data'!F3 -> NO2 | E3: ='Raw Data'!H3 -> 53.1 | F3: =IF(D3="NO2",40,18) -> 40 | G3: =E3/F3 -> 1.3275 | H3: =IF(E3>F3,"Exceedance",IF(E3>=F3*0.9,"Watch","Compliant")) -> Exceedance
A4: ='Raw Data'!C4 -> 2022-01 | B4: ='Raw Data'!D4 -> Royston Road | C4: ='Raw Data'!E4 -> City Centre | D4: ='Raw Data'!F4 -> NO2 | E4: ='Raw Data'!H4 -> 47 | F4: =IF(D4="NO2",40,18) -> 40 | G4: =E4/F4 -> 1.175 | H4: =IF(E4>F4,"Exceedance",IF(E4>=F4*0.9,"Watch","Compliant")) -> Exceedance
A5: ='Raw Data'!C5 -> 2022-01 | B5: ='Raw Data'!D5 -> Dumbarton Road | C5: ='Raw Data'!E5 -> Byres Road/Dumbarton Road | D5: ='Raw Data'!F5 -> NO2 | E5: ='Raw Data'!H5 -> 51.9 | F5: =IF(D5="NO2",40,18) -> 40 | G5: =E5/F5 -> 1.2975 | H5: =IF(E5>F5,"Exceedance",IF(E5>=F5*0.9,"Watch","Compliant")) -> Exceedance
A6: ='Raw Data'!C6 -> 2022-01 | B6: ='Raw Data'!D6 -> Byres Road | C6: ='Raw Data'!E6 -> Byres Road/Dumbarton Road | D6: ='Raw Data'!F6 -> NO2 | E6: ='Raw Data'!H6 -> 46.8 | F6: =IF(D6="NO2",40,18) -> 40 | G6: =E6/F6 -> 1.17 | H6: =IF(E6>F6,"Exceedance",IF(E6>=F6*0.9,"Watch","Compliant")) -> Exceedance
A7: ='Raw Data'!C7 -> 2022-01 | B7: ='Raw Data'!D7 -> Parkhead Cross | C7: ='Raw Data'!E7 -> Parkhead Cross | D7: ='Raw Data'!F7 -> NO2 | E7: ='Raw Data'!H7 -> 51.5 | F7: =IF(D7="NO2",40,18) -> 40 | G7: =E7/F7 -> 1.2875 | H7: =IF(E7>F7,"Exceedance",IF(E7>=F7*0.9,"Watch","Compliant")) -> Exceedance
A8: ='Raw Data'!C8 -> 2022-01 | B8: ='Raw Data'!D8 -> Hope Street (kerbside) | C8: ='Raw Data'!E8 -> City Centre | D8: ='Raw Data'!F8 -> PM10 | E8: ='Raw Data'!H8 -> 21.5 | F8: =IF(D8="NO2",40,18) -> 18 | G8: =E8/F8 -> 1.1944444 | H8: =IF(E8>F8,"Exceedance",IF(E8>=F8*0.9,"Watch","Compliant")) -> Exceedance
A9: ='Raw Data'!C9 -> 2022-01 | B9: ='Raw Data'!D9 -> Townhead | C9: ='Raw Data'!E9 -> City Centre | D9: ='Raw Data'!F9 -> PM10 | E9: ='Raw Data'!H9 -> 18 | F9: =IF(D9="NO2",40,18) -> 18 | G9: =E9/F9 -> 1 | H9: =IF(E9>F9,"Exceedance",IF(E9>=F9*0.9,"Watch","Compliant")) -> Watch
A10: ='Raw Data'!C10 -> 2022-02 | B10: ='Raw Data'!D10 -> Hope Street (kerbside) | C10: ='Raw Data'!E10 -> City Centre | D10: ='Raw Data'!F10 -> NO2 | E10: ='Raw Data'!H10 -> 59.3 | F10: =IF(D10="NO2",40,18) -> 40 | G10: =E10/F10 -> 1.4825 | H10: =IF(E10>F10,"Exceedance",IF(E10>=F10*0.9,"Watch","Compliant")) -> Exceedance
A11: ='Raw Data'!C11 -> 2022-02 | B11: ='Raw Data'!D11 -> North Street | C11: ='Raw Data'!E11 -> City Centre | D11: ='Raw Data'!F11 -> NO2 | E11: ='Raw Data'!H11 -> 50.9 | F11: =IF(D11="NO2",40,18) -> 40 | G11: =E11/F11 -> 1.2725 | H11: =IF(E11>F11,"Exceedance",IF(E11>=F11*0.9,"Watch","Compliant")) -> Exceedance
A12: ='Raw Data'!C12 -> 2022-02 | B12: ='Raw Data'!D12 -> Royston Road | C12: ='Raw Data'!E12 -> City Centre | D12: ='Raw Data'!F12 -> NO2 | E12: ='Raw Data'!H12 -> 47.4 | F12: =IF(D12="NO2",40,18) -> 40 | G12: =E12/F12 -> 1.185 | H12: =IF(E12>F12,"Exceedance",IF(E12>=F12*0.9,"Watch","Compliant")) -> Exceedance
A13: ='Raw Data'!C13 -> 2022-02 | B13: ='Raw Data'!D13 -> Dumbarton Road | C13: ='Raw Data'!E13 -> Byres Road/Dumbarton Road | D13: ='Raw Data'!F13 -> NO2 | E13: ='Raw Data'!H13 -> 49.2 | F13: =IF(D13="NO2",40,18) -> 40 | G13: =E13/F13 -> 1.23 | H13: =IF(E13>F13,"Exceedance",IF(E13>=F13*0.9,"Watch","Compliant")) -> Exceedance
... A361: ='Raw Data'!C361 -> 2025-09 | B361: ='Raw Data'!D361 -> Townhead | C361: ='Raw Data'!E361 -> City Centre | D361: ='Raw Data'!F361 -> PM10 | E361: ='Raw Data'!H361 -> 12.7 | F361: =IF(D361="NO2",40,18) -> 18 | G361: =E361/F361 -> 0.70555556 | H361: =IF(E361>F361,"Exceedance",IF(E361>=F361*0.9,"Watch","Compliant")) -> Compliant

Sheet Annual Summary
B2: Annual Summary - mean concentration and compliance by site and year
B4: Site | C4: Pollutant | D4: Year | E4: Annual mean (ug/m3) | F4: Objective | G4: Compliant? | I4: Headline KPIs
B5: Byres Road | C5: NO2 | D5: 2022 | E5: =AVERAGEIFS('Raw Data'!H2:H361,'Raw Data'!D2:D361,B5,'Raw Data'!F2:F361,C5,'Raw Data'!A2:A361,D5) -> 39.65 | F5: =IF(C5="NO2",40,18) -> 40 | G5: =IF(E5<=F5,"Yes","No") -> Yes | I5: Sites breaching NO2 objective, 2024 | K5: =COUNTIFS(C5:C36,"NO2",E5:E36,">"&40,D5:D36,2024) -> 0
B6: Byres Road | C6: NO2 | D6: 2023 | E6: =AVERAGEIFS('Raw Data'!H2:H361,'Raw Data'!D2:D361,B6,'Raw Data'!F2:F361,C6,'Raw Data'!A2:A361,D6) -> 36.908333 | F6: =IF(C6="NO2",40,18) -> 40 | G6: =IF(E6<=F6,"Yes","No") -> Yes | I6: Sites breaching NO2 objective, 2022 | K6: =COUNTIFS(C5:C36,"NO2",E5:E36,">"&40,D5:D36,2022) -> 5
B7: Byres Road | C7: NO2 | D7: 2024 | E7: =AVERAGEIFS('Raw Data'!H2:H361,'Raw Data'!D2:D361,B7,'Raw Data'!F2:F361,C7,'Raw Data'!A2:A361,D7) -> 26.216667 | F7: =IF(C7="NO2",40,18) -> 40 | G7: =IF(E7<=F7,"Yes","No") -> Yes | I7: Hope Street NO2 mean, 2022 (ug/m3) | K7: =AVERAGEIFS(E5:E36,B5:B36,"Hope Street (kerbside)",C5:C36,"NO2",D5:D36,2022) -> 52.966667
B8: Byres Road | C8: NO2 | D8: 2025 | E8: =AVERAGEIFS('Raw Data'!H2:H361,'Raw Data'!D2:D361,B8,'Raw Data'!F2:F361,C8,'Raw Data'!A2:A361,D8) -> 23.977778 | F8: =IF(C8="NO2",40,18) -> 40 | G8: =IF(E8<=F8,"Yes","No") -> Yes | I8: Hope Street NO2 mean, 2024 (ug/m3) | K8: =AVERAGEIFS(E5:E36,B5:B36,"Hope Street (kerbside)",C5:C36,"NO2",D5:D36,2024) -> 35.008333
B9: Dumbarton Road | C9: NO2 | D9: 2022 | E9: =AVERAGEIFS('Raw Data'!H2:H361,'Raw Data'!D2:D361,B9,'Raw Data'!F2:F361,C9,'Raw Data'!A2:A361,D9) -> 43.716667 | F9: =IF(C9="NO2",40,18) -> 40 | G9: =IF(E9<=F9,"Yes","No") -> No | I9: NO2 reduction at Hope St, 2022 to 2024 | K9: =(K7-K8)/K7 -> 0.33904972
B10: Dumbarton Road | C10: NO2 | D10: 2023 | E10: =AVERAGEIFS('Raw Data'!H2:H361,'Raw Data'!D2:D361,B10,'Raw Data'!F2:F361,C10,'Raw Data'!A2:A361,D10) -> 39.925 | F10: =IF(C10="NO2",40,18) -> 40 | G10: =IF(E10<=F10,"Yes","No") -> Yes
B11: Dumbarton Road | C11: NO2 | D11: 2024 | E11: =AVERAGEIFS('Raw Data'!H2:H361,'Raw Data'!D2:D361,B11,'Raw Data'!F2:F361,C11,'Raw Data'!A2:A361,D11) -> 29.125 | F11: =IF(C11="NO2",40,18) -> 40 | G11: =IF(E11<=F11,"Yes","No") -> Yes
B12: Dumbarton Road | C12: NO2 | D12: 2025 | E12: =AVERAGEIFS('Raw Data'!H2:H361,'Raw Data'!D2:D361,B12,'Raw Data'!F2:F361,C12,'Raw Data'!A2:A361,D12) -> 26.388889 | F12: =IF(C12="NO2",40,18) -> 40 | G12: =IF(E12<=F12,"Yes","No") -> Yes
B13: Hope Street (kerbside) | C13: NO2 | D13: 2022 | E13: =AVERAGEIFS('Raw Data'!H2:H361,'Raw Data'!D2:D361,B13,'Raw Data'!F2:F361,C13,'Raw Data'!A2:A361,D13) -> 52.966667 | F13: =IF(C13="NO2",40,18) -> 40 | G13: =IF(E13<=F13,"Yes","No") -> No
B14: Hope Street (kerbside) | C14: NO2 | D14: 2023 | E14: =AVERAGEIFS('Raw Data'!H2:H361,'Raw Data'!D2:D361,B14,'Raw Data'!F2:F361,C14,'Raw Data'!A2:A361,D14) -> 49.3 | F14: =IF(C14="NO2",40,18) -> 40 | G14: =IF(E14<=F14,"Yes","No") -> No
B15: Hope Street (kerbside) | C15: NO2 | D15: 2024 | E15: =AVERAGEIFS('Raw Data'!H2:H361,'Raw Data'!D2:D361,B15,'Raw Data'!F2:F361,C15,'Raw Data'!A2:A361,D15) -> 35.008333 | F15: =IF(C15="NO2",40,18) -> 40 | G15: =IF(E15<=F15,"Yes","No") -> Yes
B16: Hope Street (kerbside) | C16: NO2 | D16: 2025 | E16: =AVERAGEIFS('Raw Data'!H2:H361,'Raw Data'!D2:D361,B16,'Raw Data'!F2:F361,C16,'Raw Data'!A2:A361,D16) -> 31.922222 | F16: =IF(C16="NO2",40,18) -> 40 | G16: =IF(E16<=F16,"Yes","No") -> Yes
B17: North Street | C17: NO2 | D17: 2022 | E17: =AVERAGEIFS('Raw Data'!H2:H361,'Raw Data'!D2:D361,B17,'Raw Data'!F2:F361,C17,'Raw Data'!A2:A361,D17) -> 46.458333 | F17: =IF(C17="NO2",40,18) -> 40 | G17: =IF(E17<=F17,"Yes","No") -> No
B18: North Street | C18: NO2 | D18: 2023 | E18: =AVERAGEIFS('Raw Data'!H2:H361,'Raw Data'!D2:D361,B18,'Raw Data'!F2:F361,C18,'Raw Data'!A2:A361,D18) -> 43.541667 | F18: =IF(C18="NO2",40,18) -> 40 | G18: =IF(E18<=F18,"Yes","No") -> No
B19: North Street | C19: NO2 | D19: 2024 | E19: =AVERAGEIFS('Raw Data'!H2:H361,'Raw Data'!D2:D361,B19,'Raw Data'!F2:F361,C19,'Raw Data'!A2:A361,D19) -> 31.308333 | F19: =IF(C19="NO2",40,18) -> 40 | G19: =IF(E19<=F19,"Yes","No") -> Yes
B20: North Street | C20: NO2 | D20: 2025 | E20: =AVERAGEIFS('Raw Data'!H2:H361,'Raw Data'!D2:D361,B20,'Raw Data'!F2:F361,C20,'Raw Data'!A2:A361,D20) -> 28 | F20: =IF(C20="NO2",40,18) -> 40 | G20: =IF(E20<=F20,"Yes","No") -> Yes
B21: Parkhead Cross | C21: NO2 | D21: 2022 | E21: =AVERAGEIFS('Raw Data'!H2:H361,'Raw Data'!D2:D361,B21,'Raw Data'!F2:F361,C21,'Raw Data'!A2:A361,D21) -> 43.266667 | F21: =IF(C21="NO2",40,18) -> 40 | G21: =IF(E21<=F21,"Yes","No") -> No
B22: Parkhead Cross | C22: NO2 | D22: 2023 | E22: =AVERAGEIFS('Raw Data'!H2:H361,'Raw Data'!D2:D361,B22,'Raw Data'!F2:F361,C22,'Raw Data'!A2:A361,D22) -> 40.141667 | F22: =IF(C22="NO2",40,18) -> 40 | G22: =IF(E22<=F22,"Yes","No") -> No
B23: Parkhead Cross | C23: NO2 | D23: 2024 | E23: =AVERAGEIFS('Raw Data'!H2:H361,'Raw Data'!D2:D361,B23,'Raw Data'!F2:F361,C23,'Raw Data'!A2:A361,D23) -> 28.333333 | F23: =IF(C23="NO2",40,18) -> 40 | G23: =IF(E23<=F23,"Yes","No") -> Yes
B24: Parkhead Cross | C24: NO2 | D24: 2025 | E24: =AVERAGEIFS('Raw Data'!H2:H361,'Raw Data'!D2:D361,B24,'Raw Data'!F2:F361,C24,'Raw Data'!A2:A361,D24) -> 25.422222 | F24: =IF(C24="NO2",40,18) -> 40 | G24: =IF(E24<=F24,"Yes","No") -> Yes
B25: Royston Road | C25: NO2 | D25: 2022 | E25: =AVERAGEIFS('Raw Data'!H2:H361,'Raw Data'!D2:D361,B25,'Raw Data'!F2:F361,C25,'Raw Data'!A2:A361,D25) -> 41.183333 | F25: =IF(C25="NO2",40,18) -> 40 | G25: =IF(E25<=F25,"Yes","No") -> No
B26: Royston Road | C26: NO2 | D26: 2023 | E26: =AVERAGEIFS('Raw Data'!H2:H361,'Raw Data'!D2:D361,B26,'Raw Data'!F2:F361,C26,'Raw Data'!A2:A361,D26) -> 38.65 | F26: =IF(C26="NO2",40,18) -> 40 | G26: =IF(E26<=F26,"Yes","No") -> Yes
B27: Royston Road | C27: NO2 | D27: 2024 | E27: =AVERAGEIFS('Raw Data'!H2:H361,'Raw Data'!D2:D361,B27,'Raw Data'!F2:F361,C27,'Raw Data'!A2:A361,D27) -> 27.45 | F27: =IF(C27="NO2",40,18) -> 40 | G27: =IF(E27<=F27,"Yes","No") -> Yes
B28: Royston Road | C28: NO2 | D28: 2025 | E28: =AVERAGEIFS('Raw Data'!H2:H361,'Raw Data'!D2:D361,B28,'Raw Data'!F2:F361,C28,'Raw Data'!A2:A361,D28) -> 25.033333 | F28: =IF(C28="NO2",40,18) -> 40 | G28: =IF(E28<=F28,"Yes","No") -> Yes
B29: Hope Street (kerbside) | C29: PM10 | D29: 2022 | E29: =AVERAGEIFS('Raw Data'!H2:H361,'Raw Data'!D2:D361,B29,'Raw Data'!F2:F361,C29,'Raw Data'!A2:A361,D29) -> 19.275 | F29: =IF(C29="NO2",40,18) -> 18 | G29: =IF(E29<=F29,"Yes","No") -> No
B30: Hope Street (kerbside) | C30: PM10 | D30: 2023 | E30: =AVERAGEIFS('Raw Data'!H2:H361,'Raw Data'!D2:D361,B30,'Raw Data'!F2:F361,C30,'Raw Data'!A2:A361,D30) -> 18.55 | F30: =IF(C30="NO2",40,18) -> 18 | G30: =IF(E30<=F30,"Yes","No") -> No
B31: Hope Street (kerbside) | C31: PM10 | D31: 2024 | E31: =AVERAGEIFS('Raw Data'!H2:H361,'Raw Data'!D2:D361,B31,'Raw Data'!F2:F361,C31,'Raw Data'!A2:A361,D31) -> 17.3 | F31: =IF(C31="NO2",40,18) -> 18 | G31: =IF(E31<=F31,"Yes","No") -> Yes
B32: Hope Street (kerbside) | C32: PM10 | D32: 2025 | E32: =AVERAGEIFS('Raw Data'!H2:H361,'Raw Data'!D2:D361,B32,'Raw Data'!F2:F361,C32,'Raw Data'!A2:A361,D32) -> 16.211111 | F32: =IF(C32="NO2",40,18) -> 18 | G32: =IF(E32<=F32,"Yes","No") -> Yes
B33: Townhead | C33: PM10 | D33: 2022 | E33: =AVERAGEIFS('Raw Data'!H2:H361,'Raw Data'!D2:D361,B33,'Raw Data'!F2:F361,C33,'Raw Data'!A2:A361,D33) -> 16.283333 | F33: =IF(C33="NO2",40,18) -> 18 | G33: =IF(E33<=F33,"Yes","No") -> Yes
B34: Townhead | C34: PM10 | D34: 2023 | E34: =AVERAGEIFS('Raw Data'!H2:H361,'Raw Data'!D2:D361,B34,'Raw Data'!F2:F361,C34,'Raw Data'!A2:A361,D34) -> 15.658333 | F34: =IF(C34="NO2",40,18) -> 18 | G34: =IF(E34<=F34,"Yes","No") -> Yes
B35: Townhead | C35: PM10 | D35: 2024 | E35: =AVERAGEIFS('Raw Data'!H2:H361,'Raw Data'!D2:D361,B35,'Raw Data'!F2:F361,C35,'Raw Data'!A2:A361,D35) -> 14.666667 | F35: =IF(C35="NO2",40,18) -> 18 | G35: =IF(E35<=F35,"Yes","No") -> Yes
B36: Townhead | C36: PM10 | D36: 2025 | E36: =AVERAGEIFS('Raw Data'!H2:H361,'Raw Data'!D2:D361,B36,'Raw Data'!F2:F361,C36,'Raw Data'!A2:A361,D36) -> 13.488889 | F36: =IF(C36="NO2",40,18) -> 18 | G36: =IF(E36<=F36,"Yes","No") -> Yes
